Name,Season(s),First seen,Last seen,Appeared in,Mentioned in,Titles,Also known as,Status,Age,Date of birth,Death,Origin,Allegiance,Culture,Religion,Family,Portrayed by
"Daenerys Targaryen
","1, 2, 3, 4, 5","""Winter is Coming""",,34 episodes (see below),,"Daenerys of the House Targaryen, the First of Her NameQueen of MeereenQueen of the Andals, the Rhoynar and the First Men (claimant)Lady Regnant of the Seven Kingdoms (claimant)Protector of the Realm (claimant)Khaleesi of the Great Grass SeaBreaker of ChainsMother of Dragons",Daenerys StormbornDanyThe UnburntMhysaThe Queen Across the SeaThe Silver Queen,Alive,20 in Season 5[1],,,Dragonstone,House Targaryen,Valyrian,,{Aerys II Targaryen} - father/uncle{Rhaella Targaryen} - mother/aunt{Rhaegar Targaryen} - brother{Viserys Targaryen} - brother{Elia Martell} - sister-in-law{Rhaenys Targaryen} - niece{Aegon Targaryen} - nephewMaester Aemon Targaryen - great-uncle{Duncan Targaryen} - uncle{Daeron Targaryen} - uncle{Drogo} - husband{Rhaego} - son (stillborn),Emilia Clarke
"Joffrey Baratheon
","1, 2, 3, 4","""Winter is Coming""","""The Lion and the Rose""""Breaker of Chains"" (corpse)",26 episodes (see below),,King of the Andals and the First MenLord of the Seven KingdomsProtector of the Realm,"King Joffrey of House Baratheon, the First of His Name.The King on the Iron Throne",Deceased,19 in Season 4[1],,"Poisoned at his wedding feast by Olenna Tyrell with the assistance of Petyr Baelish""The Lion and the Rose""",King's Landing,House Baratheon of King's Landing House Lannister,Andal,Faith of the Seven,"{Robert Baratheon} - legal fatherCersei Lannister - mother/aunt
Jaime Lannister - biological father/uncle{Tywin Lannister} - grandfather{Joanna Lannister} - grandmotherTyrion Lannister - uncle{Renly Baratheon} - uncle (non-biological)Stannis Baratheon - uncle (non-biological)Myrcella Baratheon - sister/cousinTommen Baratheon - brother/cousinMargaery Tyrell - wifeSansa Stark - aunt by marriage",Jack Gleeson
"Jon Snow
","1, 2, 3, 4, 5","""Winter is Coming""","""The Lion and the Rose""""Breaker of Chains"" (corpse)",33 episodes (see below),,Steward,Lord SnowThe Bastard of Winterfell,Alive,20 in Season 5[1],,"Poisoned at his wedding feast by Olenna Tyrell with the assistance of Petyr Baelish""The Lion and the Rose""",Winterfell,The Night's WatchHouse Stark,Northmen,Old Gods of the Forest,{Eddard Stark} - fatherWylla - alleged motherBenjen Stark - uncle{Robb Stark} - half-brotherSansa Stark - half-sisterArya Stark - half-sisterBran Stark - half-brotherRickon Stark - half-brother{Talisa Maegyr} - half-sister-in-lawTyrion Lannister - half-brother-in-law{Ygritte} - lover,Kit Harington
